{
    "accuracy": 0.9951722200765423,
    "precision": 0.24641833810888253,
    "recall": 0.8775510204081632,
    "f1_score": 0.38478747203579416,
    "roc_auc": 0.9397927959872749,
    "pr_auc": 0.8184005604737056,
    "confusion_matrix": [
        [
            56601,
            263
        ],
        [
            12,
            86
        ]
    ],
    "classification_report": "              precision    recall  f1-score   support\n\n           0     0.9998    0.9954    0.9976     56864\n           1     0.2464    0.8776    0.3848        98\n\n    accuracy                         0.9952     56962\n   macro avg     0.6231    0.9365    0.6912     56962\nweighted avg     0.9985    0.9952    0.9965     56962\n"
}